id,probability,prediction_label
30719950,0.3796946971696919,0
31639067,0.6174000017285443,1
34436833,0.6041267011460175,1
30027612,0.2395116632039213,0
39655034,0.4679134995482487,1
30614227,0.012974988156525747,0
30768850,0.17956215918464583,0
38953359,0.06695553254407872,0
32950640,0.007955362108284788,0
30296987,0.021983320069384565,0
30471954,0.16939591296441148,0
33375909,0.23923315926144065,0
33342628,0.2797875256601007,0
32217866,0.07347621825147387,0
39456919,0.05870017951799284,0
33123025,0.7341520958069221,1
35185026,0.4577831795047554,1
38937140,0.011437113663782309,0
30338933,0.023342582668766165,0
34427783,0.16709795922983484,0
38032374,0.6744743388472401,1
32761676,0.7340404538189212,1
36682558,0.5476479168746413,1
39059460,0.03436249371998128,0
31878950,0.25960515945206336,0
37915537,0.013555794649034607,0
32890415,0.670182553029051,1
33044161,0.7166103909135443,1
32234874,0.33270223544792177,0
33906089,0.4384654997477668,1
36856015,0.17092870083550155,0
37391779,0.10866566719456335,0
36807258,0.43141463164719995,1
33073214,0.2852464123741092,0
38859543,0.8375932407122161,1
36972914,0.3397231468109672,0
32578540,0.13798004197544844,0
30236332,0.08735120421729343,0
35474074,0.7800381199093851,1
38441195,0.38385426593452443,0
31106533,0.04246570953650835,0
39982381,0.7292369711251534,1
38110754,0.5070740228760314,1
33650221,0.04994393524113947,0
36051938,0.8923158051550405,1
38224147,0.4439417509222811,1
37868645,0.34414856030785007,0
30034142,0.4132843134725797,0
34883472,0.4480216591872169,1
36910396,0.08442513447889267,0
33190189,0.43035429718526397,1
32246776,0.2998913689886225,0
38523636,0.4652135576874265,1
32991795,0.01860566539659948,0
33947679,0.45668883609392574,1
37356793,0.47448241265557467,1
36168896,0.3527766858652988,0
35282502,0.21236930891852385,0
30736202,0.9643676059073617,1
33575631,0.07587934593458907,0
30859288,0.024242548510088748,0
39554910,0.1898161472751361,0
33550720,0.02112343253076788,0
30086183,0.013153119715281415,0
35983818,0.4247657671038027,0
31434457,0.9402936040550419,1
35887458,0.028172609402836994,0
35503908,0.6611539101976788,1
39374544,0.020555373195891468,0
32874052,0.5519495090980883,1
33439163,0.7773957767378213,1
30712449,0.1991138732292278,0
32504820,0.042661702566907246,0
32376156,0.012261677716621198,0
30097987,0.4581937526154191,1
32309990,0.5727932079681518,1
32215076,0.8839422901017658,1
37454583,0.06959038617191704,0
33430313,0.06673976962193914,0
38405427,0.16280884656282935,0
31582323,0.20105489898443868,0
39744335,0.09966077750021893,0
39384338,0.07192277354308949,0
32283272,0.3457780737921887,0
32608164,0.14198440418246575,0
31993492,0.042177099027025856,0
31093908,0.011637078101606716,0
38047652,0.5597640159810156,1
39348213,0.1261654909993853,0
39601179,0.46628990520759733,1
39485556,0.22806931109665138,0
34339915,0.45849034564595514,1
39343941,0.14752628618795816,0
35668464,0.0510632609022769,0
31385251,0.6207738180391672,1
38110689,0.8134254673380111,1
32885681,0.547391566346806,1
32363848,0.2635931233178376,0
30285626,0.07928664535746857,0
36013428,0.026149149619982694,0
37207026,0.16372489725455586,0
31743280,0.501856810137494,1
34140836,0.0330561810313792,0
38103258,0.8691656785156952,1
34510892,0.018840261957396683,0
31588044,0.42183247044085814,0
35517822,0.8649631579382432,1
30679800,0.657480698246167,1
39372738,0.1172047287690933,0
34788984,0.506510383092146,1
37589711,0.09925100474361424,0
36966809,0.8721526056065773,1
36616276,0.3051624655837785,0
34386030,0.2731149048623724,0
37972108,0.10211688172317351,0
39184086,0.02259873869802393,0
30773345,0.10801943307766575,0
39186351,0.10148830091364085,0
35547049,0.370505807695524,0
33528485,0.6277846885088603,1
30587871,0.3261336464442308,0
35642990,0.3038504287203752,0
34999504,0.11181944806926244,0
36792448,0.02481094696451051,0
35753223,0.7065256313182625,1
36081429,0.7430335821985344,1
38092859,0.5327719003818947,1
33559442,0.8545789162435753,1
34693433,0.3779298220618571,0
31651106,0.5984300272602573,1
31512859,0.9514469171747587,1
38301400,0.03314840235520358,0
39533560,0.8546416755709599,1
37684007,0.023205697853712313,0
32061183,0.3521045314554881,0
34081091,0.40653919182458614,0
31800040,0.47521262817547294,1
38013775,0.11276176173625595,0
31480392,0.6584984634263855,1
36883469,0.4117769500837843,0
38832775,0.9641865004945249,1
38792669,0.12731629872681025,0
34818630,0.14069704689094623,0
30441351,0.18820180986867552,0
36879235,0.046657750293097204,0
39012167,0.14591573631538787,0
37607624,0.3548305174271801,0
34301385,0.6405130338973362,1
32340244,0.27202492334477024,0
33012529,0.2257132747750808,0
36198407,0.5315033141575969,1
35911311,0.6329902334428354,1
32778925,0.5296540312571281,1
35647256,0.1408177475214773,0
39630025,0.022156163243839705,0
33019997,0.07693959810963455,0
35756806,0.4073558969103574,0
36457590,0.06841238959987772,0
30108037,0.07750392771740132,0
31892278,0.27055482359114535,0
34653214,0.760510054107116,1
35170558,0.04580806776536666,0
38908441,0.12720738129284034,0
34183914,0.024347485575820657,0
37775567,0.5755422181039367,1
34271108,0.48676382105251664,1
37063966,0.08768679596668329,0
31948376,0.01206955506600471,0
34815153,0.06790847923365143,0
37326266,0.9076950006671585,1
30159120,0.027952315090693493,0
36430031,0.9171770434160421,1
30026250,0.13550702269017567,0
30029758,0.021250817040350978,0
36422887,0.7771852416542511,1
31236198,0.07470708884059721,0
38845392,0.18907879903541708,0
33227758,0.7728112047033049,1
34904828,0.18704622863753415,0
35511902,0.13351540473361312,0
36369992,0.21491997851083786,0
38943818,0.033042547121791374,0
32408347,0.02441200049970331,0
34212700,0.11053816485730099,0
35681480,0.522061539632911,1
34568442,0.09224221233863021,0
39901664,0.06512061363833682,0
30297559,0.7473099379727525,1
35808399,0.02140070228071571,0
38808294,0.09066606532809243,0
31985399,0.3835138566696225,0
36472818,0.9104677647146919,1
35107081,0.11401702243911394,0
30914952,0.9094262309955153,1
30073086,0.07857622029614475,0
36244236,0.8664367722310067,1
39023565,0.050514887408346115,0
33109009,0.8141900961440967,1
33661789,0.4443747738849177,1
37682029,0.7466656271309244,1
36294637,0.09484664142566594,0
38003185,0.367872794832189,0
30612620,0.010224868722878217,0
30242588,0.7584883854688805,1
30110577,0.9377964902264464,1
36742211,0.9218749590237098,1
37310374,0.07269057327565,0
39314709,0.2724448587230215,0
30537814,0.22343300041457667,0
36409698,0.014341747908944808,0
34378784,0.943657101641022,1
35671569,0.6889842493344925,1
31565008,0.15681433761530877,0
37193875,0.9279723421339688,1
34985908,0.4889080003694709,1
35352714,0.62423260357109,1
37274458,0.9741943216548095,1
37374252,0.8761724746037339,1
37849832,0.10137822933617484,0
37887285,0.08586280142829192,0
33777159,0.48562357642155257,1
32609829,0.9420097636619603,1
34525806,0.0248927641808721,0
30312074,0.13506471971590298,0
30489275,0.19040994343420303,0
38762244,0.30991718203144397,0
39818820,0.011634931647071595,0
34739020,0.1284153016284009,0
38816669,0.6767457983162615,1
34044473,0.14343672937688792,0
31245485,0.0740552304625275,0
35068242,0.10250285783216015,0
33834960,0.6274863255794604,1
36003564,0.634156450320839,1
33558902,0.8003694957636731,1
37914144,0.01341412135464214,0
38533282,0.057102342094557605,0
32227099,0.8990533027991192,1
35597217,0.19971337430366842,0
37587968,0.39216084512170685,0
35309044,0.02541977233595198,0
38621493,0.024509486261666973,0
32467257,0.14201742281584315,0
30665452,0.6445897075863134,1
30524752,0.7777189950426738,1
36384306,0.4322393798313942,1
30479872,0.04806422495430108,0
38687199,0.2894988815918209,0
32225323,0.02300294697506494,0
39539932,0.14221077661454096,0
37395726,0.17561324127755149,0
37389789,0.3577432198622593,0
37273496,0.05647289987375965,0
35854963,0.16523686366653112,0
35534113,0.48940572584560355,1
32106452,0.05448774611934594,0
37012304,0.03515944133476678,0
31868596,0.03068406902098322,0
37069183,0.27724910553048504,0
37766114,0.03573888251426469,0
31167872,0.02696081907644599,0
30306704,0.16124241887000712,0
32356165,0.7629697477647505,1
39720395,0.05394775372949549,0
38485189,0.9365712566492349,1
34018825,0.03621479114892879,0
34040743,0.8707881045444991,1
39327218,0.12215090225596392,0
32539345,0.15246349649651084,0
30509518,0.007256426349546382,0
30303379,0.023481771393175685,0
33780533,0.27924683186926486,0
31307595,0.04748552924196782,0
32283773,0.5323506093183291,1
38078769,0.33919441782578297,0
31689900,0.478129355885073,1
30572338,0.10444909362179859,0
35180752,0.045405348053801774,0
37939329,0.5521343462525119,1
37270178,0.577312114851794,1
35098184,0.8112804312018871,1
38553532,0.1109734828450997,0
30324228,0.04630116663211342,0
37773396,0.5804698364479633,1
39855962,0.12503474256414202,0
35196996,0.7191967067420942,1
34211020,0.07256501833101973,0
37593663,0.03350948756631374,0
33569215,0.0681877802359535,0
34995731,0.07169844708910136,0
30430284,0.07024851486003497,0
36609534,0.7005832192434456,1
30946405,0.744578270556907,1
32086225,0.2622045833571221,0
33283383,0.0313916432141273,0
33300550,0.03280173765903349,0
37459615,0.013330447377602844,0
38098599,0.3814705903008343,0
38423047,0.7004419234497045,1
38234428,0.8168092064514142,1
31222043,0.19903472088158172,0
30802952,0.39516495947620023,0
35850203,0.34472855760474735,0
33469962,0.39234360780718075,0
33111467,0.47158528492424484,1
38589004,0.7269181142546272,1
35844150,0.03976458933104116,0
34993800,0.7733065826047046,1
38000529,0.05521043228658935,0
37329744,0.6339384928352417,1
34143494,0.43352445222126745,1
32517336,0.5763918199566134,1
31153814,0.8112139051927103,1
38613519,0.5365609975734572,1
39678298,0.02405941173205806,0
35768370,0.7633204593126338,1
36584534,0.22194411136824155,0
39861896,0.23607439773223934,0
30475934,0.836917626729295,1
37388747,0.04721973596997897,0
34982826,0.7170752942365954,1
32607577,0.028913138935486395,0
35924959,0.05227997773882902,0
31113173,0.4536692011797584,1
31680912,0.6335074738934076,1
31122290,0.05629582273005782,0
37032873,0.37245770643638393,0
31652492,0.22357187544488166,0
34362105,0.018216268319125484,0
37522099,0.25565050964126973,0
38350444,0.607144918750805,1
39663204,0.9631552780341153,1
39365110,0.35714605658714726,0
36060385,0.4674712760202804,1
33519215,0.026060966228913008,0
38450125,0.06832794946498719,0
30096644,0.2172937292503596,0
37720183,0.7944900887643522,1
33493059,0.05683918101343165,0
32052884,0.9734426415626161,1
32887205,0.060916851361042725,0
33633382,0.5251809120837908,1
39508629,0.4490168280943789,1
34028253,0.2861652259330269,0
39560206,0.6537877087373234,1
32502725,0.08815213956669656,0
35615432,0.03858387320472038,0
34655670,0.20778407556856834,0
31831003,0.005734281815753615,0
33201547,0.7596232093205652,1
32505669,0.7819621846467045,1
37936344,0.1107656812375224,0
39596949,0.0777111069525937,0
38222792,0.5302580197316676,1
38801906,0.29528583848584483,0
30993369,0.08321805957156782,0
34355823,0.1005474687791714,0
30486536,0.10201771313811601,0
37199772,0.3786183425784267,0
30372315,0.2571826458140775,0
36003502,0.6248876685227599,1
33031329,0.5507646301956992,1
35426992,0.05201880560239646,0
39819283,0.44452525052411357,1
39125175,0.659185461199702,1
31879814,0.3987865082024563,0
31891187,0.5755467915709654,1
36583372,0.08508794660807786,0
30024934,0.6124146817004699,1
31918372,0.1624708541963285,0
32063065,0.741362233879919,1
32880488,0.6935873105116905,1
32143918,0.0379488017769528,0
39331922,0.19963114880592797,0
38577073,0.10675087333257641,0
36780890,0.6448321456266838,1
31633290,0.05964621362717923,0
37657307,0.11069537758415104,0
35644818,0.4214208103495594,0
34689537,0.15747259424522794,0
37171364,0.6787079582593425,1
39771061,0.08305920202196806,0
34060745,0.2274312049327684,0
39594242,0.44993634999486365,1
33155582,0.94688442588483,1
30101299,0.022643323513484723,0
31786952,0.2137359578164687,0
35701200,0.01366750967911808,0
35936406,0.6404999385813005,1
32893079,0.4961791434930793,1
35643257,0.31029177115437084,0
38247671,0.41665036555836127,0
37294200,0.07917939524298623,0
32856984,0.08129718224051366,0
32045231,0.12202307846775326,0
35328645,0.5725034323143537,1
35376724,0.1718488183041618,0
34317234,0.4229832653051702,0
31507912,0.3626987538031601,0
32755450,0.9467235663658133,1
36819705,0.4153485143527348,0
31638045,0.7962526578063935,1
34725648,0.04073300994621989,0
30734368,0.7584841289061267,1
32386447,0.1327922903307904,0
31813697,0.9457225634877747,1
38092273,0.31738130960968103,0
35682253,0.6931348750278867,1
36227721,0.8978924332008283,1
34566223,0.8265543398017525,1
38113963,0.1965851490993721,0
36308720,0.30906396319756785,0
34334248,0.18299373971175695,0
31637607,0.3903696248848416,0
30669099,0.5118477920009914,1
35503431,0.19247358535381417,0
31527285,0.5426568737144318,1
39063427,0.3948528246345872,0
39218209,0.1112209339129186,0
36070307,0.04960859716833148,0
34569087,0.03896927968201084,0
37114058,0.08852476352573939,0
37966268,0.016495606786421816,0
33668837,0.4414217861919251,1
30284873,0.9518919795454526,1
36383630,0.02018638487703977,0
31424551,0.6746741389927376,1
37733778,0.9495528151173994,1
30308381,0.19522909348751896,0
34523127,0.10496344453529169,0
31760091,0.5638952505205224,1
32616796,0.8525662488927545,1
36121419,0.39341758978320146,0
34525528,0.045961023137896656,0
36844297,0.02116886015217532,0
36061663,0.3839376666354727,0
34024531,0.16784993569336737,0
33102913,0.15628882677668707,0
39873415,0.023911399028158854,0
35020453,0.8079904854762044,1
36917234,0.18668947748130924,0
30013458,0.24631968910025084,0
36670164,0.7064214341583156,1
34960775,0.7647163543055692,1
38935638,0.9587719455650382,1
32000171,0.020214868671487113,0
38260228,0.6060377244233157,1
30562138,0.09704677216185127,0
34454385,0.5424924514413181,1
35046614,0.09039988277057244,0
37842811,0.7229735538376493,1
35971619,0.018490898028183555,0
38092097,0.55603818517984,1
32565301,0.24190459694991043,0
37015935,0.6325596193883549,1
34355779,0.11025387918069782,0
35579297,0.053350762988046634,0
34436131,0.4784019903252374,1
38401893,0.7126682279190718,1
39234403,0.31225349183146145,0
34999626,0.03205601872187895,0
37107990,0.023631327381129774,0
33833326,0.17055876771770653,0
32316886,0.228120793750723,0
34231663,0.1625057370658428,0
33909851,0.42009289848439674,0
31151576,0.3135775611844753,0
30084176,0.8724570950124976,1
37519483,0.2261620276900828,0
38625480,0.18680008667772907,0
37502518,0.7561851915021315,1
33739789,0.20589262500518873,0
35693083,0.43906488025034895,1
38334352,0.17970051242511106,0
38250751,0.010571300405132275,0
31115966,0.021429982078863714,0
30580858,0.1630474173670805,0
33468603,0.317980296189424,0
32185255,0.11539137753174875,0
37376809,0.23802744799596653,0
31513908,0.23374513889606302,0
35166659,0.3141052197814699,0
35328892,0.23981679519578555,0
38979170,0.01215454454117402,0
31605559,0.05722558297695386,0
31448503,0.1357550199746729,0
38646642,0.05172806686744191,0
32131813,0.0567459906971766,0
36754056,0.09811372393038567,0
34943294,0.24031483489327202,0
37757529,0.5675901788819276,1
36498622,0.12062289496690283,0
34077497,0.5648797774165245,1
33096897,0.01835522928550066,0
33270230,0.19528997462684836,0
38316005,0.22535708828482692,0
31366873,0.1165390820363027,0
39593314,0.05620392656061471,0
34113726,0.35109636036080005,0
36127398,0.11482795419021563,0
38302142,0.07534574493411735,0
38388393,0.1445105668532183,0
35965900,0.020105029014981197,0
32114786,0.031109886141211743,0
32334428,0.22454773429425748,0
31780787,0.4525467519831684,1
34450827,0.8975364459625742,1
33953043,0.007153660530537126,0
39268901,0.7341699011671587,1
36866798,0.6402752365819164,1
31255648,0.8534944487540889,1
37087540,0.3209590434629395,0
30383362,0.9654046128799876,1
37009681,0.891946415533373,1
35311539,0.11335358341678936,0
32878697,0.5916242574550464,1
33489417,0.477688984795698,1
30980470,0.5375196493950453,1
34287360,0.2766790146612976,0
36769579,0.043263972271199214,0
30082529,0.6657642352113886,1
30499586,0.9608415514158617,1
38927634,0.8742137618511103,1
32817342,0.29327211945095194,0
35825792,0.417780465500846,0
36262430,0.21351112897128502,0
31623078,0.331583385363277,0
31577517,0.35371596268545297,0
35013417,0.6932045878660411,1
38288467,0.5310734452619164,1
35319743,0.41147383284082373,0
34504641,0.9389770063354705,1
32527636,0.5016602098459539,1
36367942,0.3678404966620707,0
36854418,0.4829349186851645,1
37188009,0.5283030502836928,1
36100181,0.41919259214600213,0
30412126,0.013034114203515938,0
38087895,0.15456599577109567,0
38580947,0.32556101863835635,0
30950523,0.9138853436781962,1
36335137,0.6209895689324657,1
34498230,0.033839624139474715,0
34088197,0.011936788278102172,0
36407234,0.9528989004333517,1
36732482,0.5764710809539162,1
34842620,0.4322924896736935,1
37835362,0.44404120434947747,1
30397259,0.848837362563345,1
37631738,0.3441622718503916,0
36478346,0.02078293712023219,0
38079390,0.12569278673703282,0
38037144,0.5531035485785751,1
37813359,0.10864142541200258,0
33837816,0.08181296974275926,0
32223416,0.3357417403219438,0
39149993,0.31355478799030245,0
31269898,0.11540548975310518,0
30643180,0.05754947318212542,0
39626765,0.17308997437997736,0
38701720,0.013857058757133263,0
35227302,0.3558847665839784,0
34429743,0.6039543723464416,1
35599584,0.039463006008757844,0
31169170,0.061552764590308125,0
36965533,0.10158905828066826,0
34603678,0.7527604926747522,1
32129555,0.9410960321786346,1
33013614,0.44065329470355125,1
34660771,0.5064523557559287,1
38722664,0.896826028774651,1
31890527,0.3392954020494813,0
30353595,0.044386450779900014,0
35392118,0.09273438638715525,0
30279786,0.8222295715556232,1
33625268,0.10546846770348235,0
30087471,0.9222930491350316,1
32310637,0.4631782329273388,1
34785105,0.075482608865868,0
32947451,0.6737406588255225,1
39444835,0.007817831170497691,0
34288674,0.08055836473493215,0
39939183,0.07518882722609284,0
38436173,0.03499174217585681,0
33070331,0.009990227163919781,0
36558958,0.17009472336064832,0
37229792,0.39093728797163096,0
33948696,0.7930648966062144,1
30971986,0.6177293578716897,1
36813419,0.23959488384846003,0
37685708,0.44178360211949175,1
36181800,0.6895785486678285,1
36821979,0.45130585417816094,1
34047488,0.266540502825478,0
30560523,0.5153978608361415,1
34105902,0.21193916223755846,0
34601100,0.010155204173523396,0
39335307,0.015482985288376569,0
33905921,0.8487058255002367,1
33542791,0.13532380570096736,0
30055302,0.5136833105784642,1
37523687,0.8734356046211827,1
31195920,0.24661544119418485,0
38971529,0.0673953287574775,0
36115505,0.024909521684350785,0
33263955,0.20423331780028864,0
34653453,0.41984385941476776,0
34078845,0.6935238481032969,1
38888638,0.3073761513632822,0
33311865,0.5876303048581433,1
39268125,0.16111366617326597,0
34542894,0.22494725552950778,0
30230485,0.051818003641195605,0
35647120,0.04738374840610607,0
33628127,0.8200576924005819,1
37122552,0.5027065416113462,1
39916109,0.7003532331889466,1
33881759,0.23305081115982026,0
35295689,0.39516160735016675,0
30323725,0.47586358986044147,1
36635932,0.13427980285811514,0
38818751,0.4541224616885479,1
39650054,0.12719558106513407,0
31306376,0.08280692083751892,0
30244977,0.5220737633305595,1
36812416,0.07831941874751897,0
31399231,0.11270071161096847,0
34979576,0.34776427209002236,0
30613904,0.5284944666181197,1
38791110,0.04131117978774044,0
38929622,0.10758687840620178,0
38750528,0.025684529790355605,0
31576277,0.2940376120343012,0
36986630,0.14221601601834938,0
36448639,0.5356234542588693,1
37779784,0.10705279142942926,0
36675780,0.33730148373469176,0
30367461,0.4948478703184254,1
37527842,0.019050353212816194,0
32748360,0.04072894520897369,0
36306480,0.058508808312504226,0
32631401,0.5008316865051061,1
37998896,0.17819717633652685,0
32580117,0.09191315638022046,0
39742037,0.4051568471662106,0
34036243,0.5329178429415689,1
33174415,0.06335109289631675,0
36033326,0.0767601382537733,0
32188113,0.07408404372877488,0
31682246,0.9036265067175702,1
35345329,0.6403185502581117,1
34580669,0.9741395086099562,1
38413909,0.6469303205102404,1
33912654,0.6713494462263745,1
30068857,0.43944948421752555,1
36535266,0.022500811182768966,0
33442023,0.529618686799818,1
34266491,0.5149780067720492,1
33553827,0.6082639142445065,1
36015202,0.17254637542922774,0
36683831,0.8404202771233931,1
37495373,0.1198883392116625,0
38701189,0.48225313568949346,1
37123986,0.033695360519029306,0
32780928,0.23156783902217914,0
35401186,0.12137462402719278,0
37388693,0.3535300406272474,0
36846013,0.03786936479265169,0
30004391,0.5220531061735327,1
30640850,0.6879101514824048,1
37702104,0.038967448552892366,0
33389727,0.3158218571272695,0
30279555,0.20434980456805413,0
31188923,0.45756497373487487,1
37870453,0.07393504207983191,0
39664604,0.6962266671133966,1
39947371,0.9093984734040715,1
31761474,0.1727726623437909,0
31195904,0.0607576720797824,0
34943734,0.3623366161780686,0
39646318,0.5583108254860962,1
33039753,0.6398075527752078,1
31456728,0.09049863945360792,0
30119899,0.08357041646483783,0
38128856,0.28313997457099926,0
31863746,0.6366120812803188,1
31632061,0.13682106295606336,0
35245345,0.6298652367678159,1
37148662,0.17669705779002742,0
33627276,0.010801305744761536,0
39750870,0.1611320038455823,0
32390710,0.10146168585954433,0
38332356,0.48071785572872666,1
39812452,0.04030137954116472,0
39061903,0.14935761284954024,0
37412653,0.07249494049960147,0
32660840,0.10696058445171207,0
38723662,0.021099044411270466,0
38840956,0.3841189148142843,0
31732458,0.4374535312522634,1
37096393,0.0370620167043434,0
38598068,0.09085592666101017,0
38657236,0.3392699761157129,0
30320958,0.5997209479583673,1
32323673,0.8881780312857716,1
31681448,0.21785030261547114,0
37967322,0.8923439519153178,1
39031957,0.19028567411252256,0
33047815,0.1929675578884338,0
34035988,0.5157199389629255,1
36430247,0.6674984494462242,1
33520423,0.159263761185643,0
30380387,0.2506112874474722,0
31407544,0.675262052635036,1
32413890,0.13228781964028324,0
31557359,0.7563533134817414,1
30704676,0.45122173520265235,1
33244962,0.9384125963395572,1
36364051,0.0697841360286592,0
34332620,0.6745140615881438,1
33384865,0.5798931093571364,1
33331210,0.023860313526921452,0
31700228,0.1465841271085058,0
33467921,0.33787985571094886,0
37922762,0.5420577235129931,1
35894781,0.010026438979870506,0
38639255,0.13205359210309267,0
39351225,0.2220855787817897,0
30863011,0.09822489175575193,0
35521972,0.5409189654374019,1
33335989,0.17384095859146131,0
31877689,0.7978520154996175,1
37935070,0.3109953404850964,0
34257979,0.7621054091163819,1
39174420,0.8030187720183458,1
37168029,0.018576758272772248,0
32684125,0.21993371792431482,0
33593978,0.22501420823508378,0
36754468,0.2846187043122996,0
37143047,0.849046474439755,1
33056779,0.5192398597130558,1
39208819,0.4231635550861165,0
35171466,0.5704361776911869,1
31845841,0.08252383988120385,0
38563408,0.020728724503012514,0
36984169,0.14761683403723136,0
33596040,0.31503339159549665,0
33378526,0.08074177714895539,0
32592495,0.019071666277502616,0
37764702,0.0777752898190369,0
34652393,0.3029237448308336,0
34144320,0.5337640958792492,1
36052602,0.07875193379971082,0
35607955,0.0597529645362587,0
39342022,0.36924782017899077,0
37315186,0.06354483828934672,0
33936093,0.2192749060904561,0
34686682,0.037517263962393195,0
37044361,0.14303381351638556,0
32824762,0.40317398672874394,0
31189763,0.6028118964379302,1
30128855,0.699360890877359,1
33355882,0.039911895490388656,0
36762146,0.5300414577877713,1
32947480,0.18595542509771384,0
37536078,0.367694302987917,0
39520829,0.09853398530081481,0
35223685,0.44883386975161,1
35341845,0.34640091797734446,0
32869286,0.07272196499577084,0
30763192,0.09210518602123509,0
37917720,0.3309799315317597,0
32432513,0.08782479277631478,0
34568439,0.0678797854374291,0
32239624,0.15840667776072578,0
33584570,0.011462226783108787,0
39958115,0.01787264068836996,0
34742878,0.23574192724573872,0
39621070,0.43027864155266715,0
32995183,0.08361477551131595,0
32603753,0.022159567452181672,0
33456130,0.369976154122108,0
32816731,0.033306483172871965,0
37167567,0.014541062865553817,0
36003753,0.20918015036006693,0
36155959,0.7077388600848804,1
33705553,0.40934682462409466,0
38319049,0.03327012370316391,0
37707823,0.09350906824112235,0
35715659,0.0281016880743503,0
37302887,0.03620710744692271,0
31431499,0.013134825732581982,0
34461495,0.8436314097811313,1
38222687,0.009026422133694008,0
35589858,0.5249346492480623,1
39722359,0.8649360364442535,1
30000213,0.10733199550910494,0
31844713,0.01759678993785396,0
39735485,0.11788014074855638,0
30539038,0.03959084278318107,0
39613569,0.09502628385126463,0
30340472,0.4958814433316454,1
38491018,0.7670498088895602,1
33563887,0.16641285283067891,0
36303340,0.061836585468620975,0
39022390,0.11531189262895952,0
36353597,0.34792999501654304,0
35567209,0.22357773513632323,0
30444358,0.18526636781729455,0
35529207,0.05353805287421539,0
36295548,0.5875498264815433,1
38559186,0.09707853153508865,0
36058310,0.04511650047264376,0
37799492,0.6304967039480186,1
39269122,0.07988265131747918,0
33402588,0.5451854286837915,1
30117582,0.873178198466796,1
32884242,0.06301063077007704,0
31466277,0.6976116693542269,1
38376893,0.38426885162942803,0
34077199,0.5552251601824746,1
34564781,0.4817535353387965,1
36427208,0.2520325115872832,0
36354694,0.7271245574111325,1
39699336,0.3359906315377923,0
39576461,0.3141306139044165,0
31471562,0.41962522046201406,0
37806496,0.4025468662133514,0
38432182,0.012386172193498982,0
36796014,0.8670663073918804,1
34408401,0.33684759335555015,0
30589359,0.2191027921578349,0
34497823,0.8094430004695206,1
35668515,0.2115260530184965,0
38687562,0.018435639643312685,0
38698759,0.6561622093214877,1
37727581,0.02716652385691856,0
34695201,0.043391693692069015,0
30803206,0.33180927981448544,0
37491753,0.03840353468033513,0
33132370,0.08305889398075175,0
34635305,0.200576255150083,0
38383343,0.46135952209890746,1
39032330,0.07160712084371042,0
36470222,0.7166973726021331,1
35406666,0.07135785385412349,0
33867656,0.7715174256694131,1
35651412,0.4851178537374923,1
39907667,0.040933260285837186,0
34866058,0.11345770793872717,0
33790762,0.266701326502429,0
39519240,0.17115421581261633,0
36466970,0.07733868028984468,0
32214670,0.33125337947591477,0
37249539,0.14891436561278829,0
39573152,0.46681938695220526,1
33183633,0.9758471556583211,1
30252361,0.30201746063750573,0
39080427,0.32772132031345985,0
31047765,0.13083082778797678,0
32173631,0.1810304681466965,0
37728503,0.8773792023431096,1
38871008,0.44783793484941603,1
31653741,0.02673119111680196,0
31989064,0.9146756200004285,1
35451108,0.04509029138841803,0
36510087,0.8631113673084123,1
38136686,0.5448444843356351,1
30306841,0.009751756140704488,0
37078625,0.14549465510867304,0
36706080,0.7874460727558705,1
36333109,0.03963992741764193,0
32812859,0.5347551454322628,1
39362482,0.5725003078225563,1
39081803,0.3148874914239705,0
36598461,0.7130558752950038,1
31052823,0.9541724681309952,1
34821785,0.02628724346252456,0
39346772,0.639703210709018,1
35477442,0.2210284003766979,0
37423201,0.3070533022728504,0
32279564,0.6153025427085518,1
35113785,0.41069698927489245,0
35001634,0.03220862665461205,0
30091113,0.06160162706903934,0
33500168,0.48508716789500506,1
34200986,0.7170032988639456,1
33901263,0.03888487878387697,0
38099719,0.19263543039266187,0
34501959,0.05389839484915271,0
31503862,0.7323196384507178,1
39026966,0.2719357540421742,0
38252897,0.08361997349001461,0
33799626,0.13871676712677308,0
33897823,0.6471212427747889,1
31198749,0.9385035845553447,1
31191522,0.013311408844912413,0
39713922,0.4709098683271052,1
35846702,0.044133797367807266,0
34455420,0.18958828206821335,0
31517398,0.6249381373527079,1
31900441,0.5219042617369462,1
34746153,0.9139444232549194,1
33763325,0.8409645004566239,1
34332361,0.05981732674526533,0
35544258,0.21067380684214268,0
30275130,0.09865476878712565,0
34997348,0.249156240405555,0
36726125,0.041317755114682,0
39222426,0.48446826273191773,1
36958497,0.7671940652754047,1
31418769,0.19386120692723102,0
35348908,0.8846237153016543,1
39738795,0.6191405759969079,1
32095129,0.2488676916931893,0
30007565,0.8181571018967911,1
34141755,0.29214874829692183,0
34161977,0.33042978007567575,0
31152868,0.08413619480355898,0
33758202,0.18973086618142515,0
35972126,0.18860513907336213,0
38356052,0.2307464350915392,0
37531469,0.5755111397349262,1
37827412,0.06853493335829222,0
30562113,0.4250653424733438,0
31110751,0.019746000815197458,0
33163834,0.28000010004993886,0
38990239,0.7801152107204635,1
32037077,0.3797683924952927,0
35676485,0.461202592449363,1
36878494,0.03439086778704058,0
36623881,0.4444855409953848,1
30688321,0.5789376340242236,1
31276881,0.6465505652685737,1
30792309,0.48437467819563157,1
39105133,0.1988416486645626,0
34798760,0.8125877001654092,1
37630924,0.6188699255693193,1
38304161,0.3759270902778823,0
38623326,0.7664255531733956,1
32303877,0.91782374689828,1
38494233,0.06434925926451115,0
36909223,0.4154536409779846,0
36238664,0.7241745430606512,1
37892970,0.04575084447439493,0
37094208,0.023259116319483637,0
32043259,0.9799410959975364,1
37934571,0.7439041014713659,1
33183026,0.293035829962285,0
37101251,0.566382958297121,1
34016696,0.2541380330142514,0
36249728,0.7616555294112743,1
30770782,0.47830682494240434,1
33636940,0.02563352802305152,0
38322114,0.571845355173387,1
32834787,0.673071212986237,1
30979707,0.06416951696442043,0
30030798,0.5397172927995488,1
34613400,0.040741378579051905,0
35967314,0.030497465360763667,0
32928708,0.8383378576069654,1
37337232,0.025529251787380844,0
34999847,0.08555791320591839,0
31777908,0.45854135307328486,1
33606556,0.09174346544024715,0
34430558,0.06285818249367066,0
35893474,0.01857060987427396,0
39784690,0.1803237875347621,0
33200399,0.9624698897376822,1
30573858,0.17915984504863958,0
37476021,0.17583657849480855,0
34637766,0.3317896869810369,0
35757748,0.5905236931326073,1
31699045,0.5344123381010699,1
35559165,0.3384228526777269,0
33211844,0.3751728934146557,0
39319834,0.014928280224200454,0
36423747,0.10567374506265766,0
38341580,0.2556404126748373,0
37994285,0.058215570107386046,0
31813120,0.1320159372802778,0
30200246,0.44334200080235225,1
33869971,0.9199782246439611,1
33726149,0.09796307750165406,0
33178915,0.25943578099246506,0
33021222,0.03003170363062845,0
35352772,0.028485273126277497,0
35362593,0.7994192544720348,1
35537617,0.6190658199890177,1
38280915,0.9137987687959176,1
34525600,0.05052269035861279,0
30628372,0.7914205070666299,1
30043145,0.7993506533607202,1
32940024,0.012038808139130618,0
36016977,0.6068375186770656,1
36998354,0.18566368596615274,0
31605362,0.17533860718642943,0
33758027,0.30197371595952993,0
36301931,0.28039272743352445,0
32840243,0.313136166371454,0
35126800,0.2519601104861935,0
30135687,0.03890704989696584,0
32120703,0.6179772016395717,1
39647056,0.15955351487571326,0
36455143,0.07293626632755283,0
38277423,0.3601836674039481,0
37564059,0.6741752695630275,1
33629403,0.3468099622250214,0
36129003,0.3824258352800906,0
35023216,0.23527446084533174,0
33174695,0.07155986796944343,0
31226743,0.35011044839639643,0
32979140,0.06709856797175319,0
34677433,0.11188538114181543,0
37172084,0.8338297221883763,1
34494620,0.28966668847052185,0
39733507,0.607230597758761,1
30526491,0.06247505334343509,0
32635964,0.1229724954617022,0
35528184,0.08335114845747331,0
31879755,0.25812406027657564,0
33494608,0.7410239943747127,1
30745593,0.04023318989523306,0
33326979,0.30244076205763637,0
35826438,0.2509868201997169,0
38181974,0.5299227895939546,1
36958494,0.5694284224584589,1
37324611,0.8746628722300374,1
39111780,0.09052428483393643,0
38928375,0.8849274888179244,1
33246535,0.22497138305165326,0
33915658,0.9525657629091147,1
30807243,0.06471477522822557,0
37233855,0.267714421673762,0
34959970,0.46970212801263944,1
31130356,0.010903468246150246,0
38843037,0.8228058679424138,1
33121909,0.018837234820382787,0
33415988,0.08848946900840428,0
36207293,0.035521277123800515,0
37788181,0.04317540434056173,0
34611338,0.07558197979512922,0
30586246,0.07487677815996072,0
39684354,0.24323222480782114,0
32454627,0.34105829360808093,0
34335219,0.17872538442418592,0
36341872,0.19046160171988896,0
37535507,0.3350089993329688,0
32520589,0.38848789849215215,0
38946119,0.6420347779451334,1
30019367,0.40044675548373204,0
38386354,0.17124813347919426,0
30798940,0.9137713077987265,1
38700117,0.3627805797655712,0
39214881,0.40991811692037483,0
33190124,0.7632102861307651,1
32054351,0.614176458191371,1
34997867,0.38446002618948116,0
36318037,0.8669632652199011,1
32521724,0.7611642247781235,1
36484620,0.011646552619531644,0
31377840,0.01793506738855141,0
39016298,0.33087157977831394,0
30599577,0.08933982526369971,0
31303161,0.09832842127143633,0
31020954,0.38182201436553537,0
35262762,0.3146966358991707,0
33258556,0.04669183322272035,0
38686311,0.31851732299399466,0
36574609,0.4820779115735715,1
35431459,0.6475744350437578,1
33273368,0.037053123971474575,0
31123892,0.13060577725746206,0
33065950,0.09429784843870051,0
35601328,0.3819894922107926,0
37468126,0.5553800878213169,1
37345326,0.07682289462661424,0
39996123,0.2588279483389428,0
33799121,0.7646810979860119,1
31850910,0.58289292638422,1
32358016,0.09152563641133064,0
32052866,0.5436500102246898,1
35377129,0.4096068907239659,0
35426072,0.07985934869083232,0
35570285,0.11807229463730128,0
32544970,0.5676859157456786,1
37155335,0.010576521290704565,0
33640350,0.5592695845194025,1
30253983,0.38110584154208427,0
35008075,0.7114648514074874,1
32376604,0.14075156062898322,0
39290183,0.03134879756131054,0
31528797,0.07281597725684019,0
32139381,0.8996426950911333,1
30987723,0.07568192021849625,0
30236513,0.3081082989212004,0
34028895,0.009793617684012823,0
35063248,0.3362740204394706,0
30045078,0.6388357804930253,1
38049497,0.5124959318129727,1
30886478,0.2931671273551897,0
37194830,0.7716984589076032,1
37216041,0.37523822293648695,0
36332674,0.4900573124092621,1
39007601,0.08245511795134593,0
39965733,0.5274379162597461,1
31263028,0.034438584681287285,0
33493342,0.16401877589113462,0
30234310,0.8892720355001019,1
33155469,0.045202223707634895,0
33633182,0.41022709439429195,0
36328300,0.3576613075405184,0
33808590,0.17038743523149202,0
30993471,0.6573324987808702,1
38066509,0.9074608811026101,1
32666850,0.6409887149173482,1
37074310,0.24736433027853022,0
32608180,0.5281250152353313,1
31723762,0.13279873021883215,0
39445422,0.1595634429520385,0
36724517,0.16037056449127207,0
39255380,0.0778659464089595,0
30438533,0.6405277288317542,1
36807642,0.48337123847296226,1
31324292,0.03709229516358582,0
35097237,0.0365722584617629,0
32866638,0.15960187296891334,0
38256954,0.1678618799136291,0
33352159,0.15510970826759266,0
34850027,0.35785110445775126,0
30449688,0.22129415316449075,0
39558340,0.02658275399329588,0
37354230,0.953805031082494,1
31240750,0.041014245396718475,0
38020580,0.9317623718900557,1
30373971,0.5906579056168846,1
30407693,0.21408581969099108,0
39194565,0.0892239877385386,0
33527558,0.22007323669012446,0
33819209,0.9727582917662752,1
39424815,0.22879087076134708,0
33267338,0.7907236534609039,1
37176968,0.8429722040411213,1
34204725,0.20232643865490454,0
39633643,0.22121980914776818,0
38967731,0.8448712375776771,1
38959796,0.16705524953791115,0
30262951,0.6901489782624397,1
36424776,0.011699700532207941,0
38039429,0.09183184437512819,0
38202003,0.11488564660228635,0
36378878,0.10073341855399759,0
35359444,0.9181125893910396,1
32612957,0.041589318315594447,0
39540522,0.06549754370462621,0
32267939,0.35460540894179016,0
34146857,0.02496777127970615,0
36943668,0.012414496142358771,0
33459320,0.11455223102876537,0
36438544,0.18040417289676933,0
35662074,0.37466546716430893,0
33297641,0.04852341148351738,0
39801642,0.16298071920433374,0
36112111,0.08505830612264917,0
31592321,0.6292499329675676,1
38753669,0.07428672262905206,0
30502323,0.020986358597017033,0
36755344,0.6139068437414634,1
36650769,0.12276344888009434,0
33462924,0.5862477916026164,1
30935196,0.20716849410411406,0
33285035,0.30398717352395976,0
38660005,0.08486759707818392,0
39156401,0.566444908877197,1
35202664,0.06968079722630417,0
30461721,0.2453285877247136,0
34248179,0.025775891523326773,0
35121579,0.7368783656427785,1
32342531,0.8361444482848824,1
35222042,0.012432540721422426,0
32043769,0.1498609043537996,0
36014624,0.05326230203286381,0
35990576,0.3801941984899094,0
30473503,0.9104533828230365,1
36681742,0.6178201812190853,1
35883202,0.24561585662901878,0
38964486,0.4553038759539386,1
38380460,0.17385248162269176,0
34364539,0.8524903136918357,1
34189911,0.641914288046963,1
39539737,0.6804569055425993,1
38711378,0.9227020479425526,1
31649316,0.8888573816730927,1
31962512,0.761460281562005,1
39467073,0.6246817198079201,1
34072261,0.012518560471287464,0
37234121,0.6012037992998626,1
38056753,0.031256418334568534,0
37009140,0.022700419288669137,0
37338018,0.04274779787770223,0
33163049,0.041630859935596835,0
38345144,0.06522461332830326,0
30716486,0.1464988431845351,0
38285505,0.8106679577188454,1
37285461,0.05523582021656872,0
38691951,0.828540292640827,1
33147066,0.029963188190190164,0
38303038,0.37550081834262744,0
32533908,0.49727955455544803,1
39653391,0.48093534628280427,1
31045843,0.8120125650341667,1
30704937,0.12690971296760148,0
32207451,0.8783477248168514,1
36066057,0.9009905330240019,1
33005299,0.5960066248889414,1
34810297,0.15394352307306394,0
30920862,0.04024083752696765,0
33765335,0.2019818692153961,0
32902460,0.35270161390838584,0
33302177,0.04774660855383556,0
31978999,0.023900382147019776,0
34181433,0.6095062222109389,1
30591063,0.8490469304977585,1
34700005,0.38155578239794735,0
30431739,0.6086735500193988,1
37137181,0.01856128811590832,0
34499337,0.8145774178699686,1
38498292,0.050987111343113754,0
30008792,0.09462077926178872,0
38729671,0.06453152173140231,0
37124281,0.9215822452647531,1
33727394,0.5946191718626994,1
37991215,0.8144728266693094,1
30084193,0.1223679946614007,0
32003074,0.015930331628954172,0
33988654,0.05711953665490974,0
32491922,0.1762283049354209,0
36429880,0.08987700923188602,0
39126797,0.04455451925959309,0
38707847,0.04180765954246002,0
32731867,0.020464536417342447,0
30282193,0.38303029656085985,0
30798531,0.7357836799312035,1
38571233,0.6925225833452897,1
34034460,0.34123699478717356,0
39803573,0.6833602350053227,1
33190002,0.08341900829781891,0
36460352,0.06969584840800902,0
34877105,0.007814299399031163,0
38688276,0.794351549884737,1
34794768,0.06954713314094334,0
37647845,0.017661544831962382,0
37638604,0.12040880752554212,0
32131713,0.9012260095406939,1
38756110,0.043917045380393184,0
33179426,0.7950850283886127,1
34913816,0.5687335612152961,1
35025499,0.4806154486298631,1
33999039,0.20259791298715787,0
33867491,0.014806720724799528,0
34761187,0.041771965786759846,0
32450685,0.7437060338014005,1
39573012,0.022878777368284968,0
35746627,0.22055816298027917,0
32305253,0.22513180536970367,0
37093810,0.03167950104244598,0
38535052,0.4597968091775895,1
32215481,0.17169755427969102,0
37936337,0.808727816413517,1
33513039,0.03463174110028598,0
33003619,0.04300750636238908,0
33572728,0.30496799605252223,0
36787881,0.026081003611109,0
30854179,0.034055785291825104,0
36567067,0.5349490757350935,1
32160893,0.047965586868875636,0
38120179,0.014477585877722726,0
38243727,0.08985737465350876,0
32974716,0.8262334063486925,1
33468256,0.3755413175484099,0
34269559,0.6989023949340152,1
39512351,0.6617607650531938,1
33646538,0.7579723384767594,1
33693671,0.41007479508635725,0
34711898,0.44669433508849865,1
36176810,0.029454355018626838,0
37407823,0.49082049136294664,1
37095609,0.08400317629476309,0
36275744,0.4647333462138132,1
38939399,0.728669558228288,1
37900180,0.13769246095029336,0
36235443,0.06205611720763207,0
34909109,0.566443089094566,1
30697808,0.9878281409839137,1
36416708,0.013486620429577385,0
39451937,0.20726270941387515,0
38310497,0.3147190141257773,0
39646457,0.23364945220240224,0
38773186,0.018068237439784165,0
36304486,0.6749824630278548,1
36092501,0.09957893101102847,0
38302667,0.4721162908920413,1
32248421,0.9288773437623371,1
34158968,0.6084699361334734,1
33809120,0.4000329534143161,0
38757258,0.30095022099798013,0
37901594,0.5436094644693993,1
36897123,0.0457455401888934,0
35885717,0.03480005011770038,0
38361278,0.28664241645566413,0
36611218,0.1900114982056666,0
39055031,0.8999689674381219,1
35782302,0.029979980654981028,0
33568135,0.2967999159708671,0
31549642,0.25446639532137244,0
33173136,0.2021472218022034,0
35096787,0.7419273092388066,1
32726628,0.03891293265494786,0
39596239,0.01799996277898957,0
38070327,0.9053640023691624,1
30598744,0.16003006285993215,0
31728404,0.6810211497369187,1
37119050,0.401918303591361,0
30388942,0.019470633575082663,0
37270651,0.32200885545291824,0
31822561,0.47719262410815705,1
33735626,0.42465476781580275,0
38931116,0.6659343271760275,1
30085194,0.49089214181844454,1
37612773,0.746560475289016,1
39074292,0.3926322825823751,0
36499196,0.8893937035428172,1
32637171,0.11351003011982415,0
38419757,0.08366813392729214,0
35288503,0.3964048248199408,0
31712173,0.01935971689557298,0
33496284,0.8648678872674236,1
32021055,0.776404392048236,1
34182135,0.02390712048318473,0
36841767,0.49140118373126923,1
39951817,0.2087067768047182,0
33337588,0.0159531891517474,0
38630394,0.17123389154822347,0
32583335,0.12837577367206443,0
38790108,0.04370293026565446,0
39904606,0.5860295711696544,1
36173365,0.8336532814669338,1
35212236,0.006426987962056922,0
33515383,0.02579846139532274,0
32196175,0.31246226216772904,0
38532085,0.6750653837776688,1
39701040,0.11502172352286057,0
35794697,0.8136756271561705,1
35173424,0.5231637227550845,1
33995484,0.4004617813458594,0
34833421,0.18811002371984561,0
33144156,0.025145127209567165,0
35861066,0.26610961099458014,0
30015770,0.6628973986462978,1
34914761,0.357251752577441,0
33275263,0.6458052259516323,1
35890998,0.21872939545978012,0
33567039,0.1653780291838307,0
34694362,0.7727585521697234,1
36137786,0.7092149952091126,1
31313221,0.6300664343347895,1
33280595,0.06373752730947094,0
30825276,0.037404165380990936,0
36913772,0.2932128908912723,0
32727766,0.05008140076082115,0
34886849,0.042965272182024485,0
32371342,0.7344248538777585,1
39007878,0.7460244783429653,1
33424615,0.6026885330484704,1
38001373,0.5354459992289231,1
38465127,0.6335635829306693,1
31186782,0.9030493900285885,1
36011246,0.9754078903090869,1
33824501,0.6518374740865147,1
37642962,0.1156464507173645,0
32583493,0.038579145821536424,0
32345292,0.15759966774904854,0
33191620,0.2723890618316275,0
32499539,0.9231249525232726,1
38565219,0.2027305084456899,0
32440203,0.3641039304582023,0
39164071,0.2758204851964557,0
31765134,0.21273693750832787,0
37304866,0.4991589909652444,1
30612444,0.9106365987525885,1
37670155,0.1305401837918098,0
39193725,0.04096754031503289,0
37182904,0.555072486322749,1
38569978,0.12962745213827395,0
31976189,0.4887868720357726,1
33000736,0.1853266686495036,0
31080003,0.3934480176540398,0
37816133,0.2681124826284811,0
38516282,0.45504902168548855,1
32446193,0.0408941463851631,0
31858273,0.0665940136627875,0
30746685,0.1390785807309972,0
30207346,0.02529167291365638,0
35286592,0.39424438942676415,0
30616217,0.03351498766633389,0
33870965,0.5619128514718538,1
38161912,0.3045315487649508,0
34947031,0.2926007827144841,0
38121074,0.6868221740475673,1
32820703,0.007773405112523746,0
39210249,0.9251915614233613,1
36066456,0.28847189365205067,0
31375184,0.9777638453602231,1
39295220,0.19168267750296367,0
37844017,0.08384311259365136,0
37575576,0.2700124773040754,0
36582939,0.8168340552239284,1
30342371,0.05572876094236154,0
39860038,0.3102710596783283,0
30444007,0.3378928788978577,0
32368927,0.327341831573591,0
33548539,0.17451424774384486,0
30223617,0.11274381525386185,0
32969947,0.1267178257466395,0
36836007,0.013398834821059531,0
38288704,0.1322222858179668,0
33572547,0.45318797143405,1
31495445,0.688915351593461,1
33729451,0.07894743317188342,0
31665809,0.16247228637409156,0
36732469,0.30559918888744586,0
37507582,0.7159511462136382,1
31042481,0.5670950426517136,1
30616519,0.22568597831497617,0
39207929,0.08928440141611252,0
36406612,0.7190080272111372,1
38984482,0.04703445788702592,0
31145789,0.05065125681569837,0
34140723,0.9886351004803619,1
37737104,0.9105522158593041,1
32065781,0.06770946858168132,0
35243182,0.03812842867476299,0
36427675,0.6181885193561418,1
36227278,0.6949706958404923,1
31959633,0.530067830661537,1
32673164,0.08551332827985189,0
38536639,0.015281168196395621,0
37457003,0.3348371129361058,0
39984980,0.5341632603275249,1
30009597,0.4499656942463024,1
36544680,0.06528501771776311,0
39829437,0.009255768536083984,0
39895979,0.042836388654787,0
31442088,0.02429184347718859,0
39969445,0.022905580788283364,0
35655655,0.35085600481185136,0
30203618,0.05694746244849026,0
34483718,0.5506097212473314,1
38781024,0.34919122023491117,0
38911695,0.8481957650993771,1
31067792,0.25915116764420054,0
35131519,0.09932563810412154,0
34975818,0.0482402143816429,0
35728280,0.37473943305315754,0
37172650,0.14602676814280827,0
34810770,0.03502634068078739,0
30919467,0.3514343379764424,0
34776193,0.43852977167398044,1
36764379,0.0464874322272484,0
37507300,0.07038336286682406,0
37995469,0.022249342025281896,0
39936813,0.15448222874550827,0
38350657,0.05250608387809246,0
36196627,0.02310221411207633,0
36706168,0.05737430629557797,0
33718357,0.057799856700333885,0
33806215,0.2648575983840964,0
35508646,0.6390872381693433,1
31316787,0.10620494266034218,0
35744423,0.20273910828928304,0
31663641,0.04839672540835477,0
30860093,0.27122052254940254,0
39538531,0.3173780972496992,0
34168695,0.6963529266031859,1
38172121,0.4563622473225287,1
34929670,0.22622786009548979,0
35207851,0.8459039074683017,1
35362588,0.038822306643096285,0
35970013,0.8944272562168938,1
34162544,0.31920674270080146,0
35325987,0.10901148137349684,0
32597621,0.13118783293078112,0
31902786,0.5387258153347511,1
30748856,0.674201816059052,1
32021542,0.7595679099436332,1
30339408,0.23128716676003996,0
39760153,0.1178560692981211,0
36315243,0.005599025980930179,0
36957508,0.18381668688241565,0
38490155,0.4186978393907133,0
32839122,0.1508844365525986,0
31575490,0.5500107322119312,1
33133066,0.05826425476410742,0
38676679,0.9142452302448062,1
38461395,0.9496572859413347,1
39231439,0.1645728596793876,0
36255952,0.02803482024337988,0
39473476,0.6010719037977232,1
35358441,0.8956846759842512,1
32806901,0.9341323581364133,1
32902552,0.6930281731838162,1
30626996,0.10801081610143219,0
30770645,0.17005112589149846,0
37011708,0.02005762699994889,0
37031444,0.014099863955360108,0
39363805,0.3736854752780067,0
37568338,0.7532239877299666,1
38326579,0.47867009788939885,1
31272962,0.4007706085381348,0
38943946,0.08987169500571188,0
35661005,0.917408652248622,1
34653390,0.01872472898565758,0
34979960,0.015936160429175658,0
34840365,0.02281513879827225,0
38005196,0.35767686886118855,0
34234752,0.42582411616848653,0
30221617,0.1304335894605966,0
30707551,0.19882618736524704,0
30499496,0.6781028774671232,1
39412279,0.031270499925697956,0
38137204,0.6930187370721103,1
39980699,0.01672110499493952,0
34814896,0.27459907513099807,0
36202037,0.7702519860069114,1
37546894,0.27663794093018246,0
36099701,0.14559841907186785,0
34767788,0.0340505599980162,0
39306091,0.08675499415818559,0
36135694,0.7550112201976492,1
36344300,0.21771692061492076,0
31120276,0.8445812441499376,1
34840508,0.016999432646063153,0
30709267,0.1739393062571166,0
37028411,0.037495353407868005,0
39681670,0.7958842977535691,1
32154611,0.06912788207472902,0
35000735,0.18663174669049187,0
31433628,0.5334108323963646,1
39269058,0.8249900663732976,1
30711021,0.03640111265544711,0
33286407,0.8861525852069174,1
31302218,0.09973760533106454,0
37065188,0.7400562046838668,1
35489970,0.4001388870914952,0
35598893,0.154576638600435,0
30718180,0.3269386202449016,0
31767217,0.025851083524273715,0
37524333,0.5441076651231893,1
31544725,0.5529787157915804,1
36491661,0.02779952086250247,0
36651597,0.012859099289816302,0
34023302,0.6515758328415603,1
39915700,0.06195484158594226,0
33825848,0.5122865402848912,1
39466514,0.3474247664332306,0
35113181,0.01184498678088544,0
30201360,0.2790865222015931,0
33193945,0.010330855127578455,0
34884622,0.7921500862552822,1
31036877,0.432528256254954,1
30315583,0.8176580583386345,1
36631982,0.02690727518490236,0
31135963,0.013592545532058848,0
31626266,0.012022621293162696,0
35384169,0.007540315117499077,0
30323801,0.019356504439027467,0
36647887,0.6122755553438529,1
32823517,0.028188222406221534,0
39175858,0.962017018792579,1
32736550,0.24614316426738453,0
30801406,0.9099031667844324,1
30218515,0.20587721335937054,0
32760929,0.16032708946715193,0
36335999,0.2892399730345686,0
36178670,0.09469922617208734,0
32643307,0.1177477713111715,0
37721290,0.7114207776596341,1
36146888,0.017968607409113505,0
37772307,0.039980381625142565,0
33685560,0.10296715831408687,0
34871545,0.2464589637882484,0
31739773,0.06909271580965053,0
33655391,0.800720399495244,1
39064261,0.5340047055284136,1
36731640,0.020973301065866697,0
30782638,0.04118203523557919,0
31555340,0.1255925714117399,0
34072490,0.6385053013343595,1
30886034,0.02720213833524822,0
39612812,0.02448951858702163,0
31314377,0.29386520309574227,0
36243537,0.079871560637861,0
36359710,0.3198292357275115,0
34885093,0.7695928351405698,1
31822307,0.5554082199493569,1
36154799,0.01263054119273933,0
31271997,0.7015367249676974,1
37922051,0.017160763592872913,0
31688474,0.021695865529401216,0
30404909,0.04458294798479844,0
36695853,0.5401390506882443,1
34528818,0.13932382970934795,0
31577917,0.02256195163314219,0
35669719,0.5028745727119822,1
32387982,0.03458711816036062,0
37554127,0.9449297655872261,1
37531207,0.22731654958714814,0
34731610,0.9726913306476178,1
37179437,0.7187465145447168,1
37511938,0.09639351324491918,0
38080125,0.6513751604674444,1
36379216,0.007543545817563144,0
39831679,0.38833771182075655,0
33035977,0.1950650622332164,0
33358048,0.5433988147549632,1
39986052,0.01786307166383403,0
32386822,0.3525418338380269,0
37474817,0.017643652683088058,0
32814893,0.0348624852344245,0
37829030,0.04056157903967871,0
35047551,0.029382343851712737,0
36897294,0.9307509726545559,1
37655271,0.15726190830752593,0
32323140,0.10207938159895438,0
35126097,0.11892776047312957,0
37287859,0.21372199611720719,0
37163119,0.8277464813825508,1
31869260,0.8258691947115814,1
31559071,0.9367885219008055,1
31541089,0.838184216221645,1
34407278,0.08100550698273874,0
37620076,0.7609546085151279,1
31829480,0.018992254161074237,0
34439038,0.13228826596754653,0
31742408,0.49498148995918945,1
38691040,0.3533143910269422,0
34031881,0.444235431289064,1
39507982,0.060191721629633994,0
39231093,0.19470127236248042,0
37477658,0.14692040914481289,0
35028977,0.14146852497152274,0
36851053,0.03365548984138546,0
30748277,0.8844615342911174,1
38792033,0.02777759556550119,0
30708810,0.03611172797811062,0
30377071,0.7715170690091502,1
37343868,0.01809110468132844,0
34494563,0.022578278079766142,0
39375730,0.20681959787909932,0
37731524,0.45760079288364275,1
34554636,0.27039913403260907,0
32176417,0.3469008355683684,0
34294474,0.020851174816812278,0
39857479,0.33377624360058916,0
31659468,0.3363698719613815,0
32954169,0.10293282724352878,0
39333007,0.7367001731696703,1
36539073,0.377350429367788,0
35539845,0.2044295745597694,0
31374882,0.6435732913185249,1
34806651,0.23714088705664293,0
32298685,0.3286053423594834,0
34223924,0.6237889304078508,1
34421891,0.2062340731816165,0
39959793,0.5751583161828994,1
31336869,0.014180825321722932,0
34722616,0.8550028671036909,1
36789853,0.6782404363827196,1
31413522,0.03569322236317281,0
39564679,0.31240479721074793,0
32829981,0.03317447731672407,0
33914319,0.49077711428869225,1
34360324,0.6305359110705723,1
30418440,0.7713345045900344,1
30643097,0.8324417651561077,1
38553924,0.4528950534496928,1
32405838,0.037176059025091066,0
38347764,0.12669674829391436,0
35067195,0.051483441521422826,0
39729224,0.30346757102779665,0
37886887,0.1673415407168701,0
38848943,0.7802704066675792,1
32439842,0.052382728268710085,0
37440781,0.0594134683264884,0
39896747,0.08103954158388572,0
30603342,0.05224192927042281,0
39196472,0.040247292450458286,0
38660798,0.1342876139681976,0
34077913,0.652622982410881,1
31847457,0.060891849767181566,0
34427218,0.34366909817947716,0
31930058,0.39655051149430254,0
31162089,0.2876433637261128,0
30549897,0.2899931964030778,0
32980355,0.09268180787092103,0
30500635,0.5353908658778391,1
32528130,0.6259012721518797,1
39876736,0.6946628238519656,1
30990343,0.5539863502325962,1
34334319,0.4087762059191257,0
36538885,0.4674904101346884,1
39244010,0.017330634233696688,0
37318329,0.896085247952731,1
32298499,0.561665159955975,1
32120110,0.711332979760548,1
36420851,0.029471594283991494,0
33296244,0.02349585530572266,0
35233543,0.4986544699833551,1
32492563,0.9575412619219326,1
39816989,0.7970310730814991,1
34254069,0.09518695438826723,0
39729430,0.1866936953762736,0
36890686,0.3228738660138158,0
37778660,0.03271950032085659,0
35850934,0.24091797524290665,0
32215335,0.42172398118972965,0
31152504,0.9021924886992118,1
38405377,0.27268048615836904,0
35511603,0.11554452755409682,0
31075537,0.8503252580387917,1
31250117,0.5661870559899066,1
34350507,0.07916655438040375,0
33971917,0.04689613485119839,0
37899854,0.008249027368739488,0
34517402,0.028956132933782103,0
39513208,0.789366442148097,1
36030807,0.2611682873391996,0
30949248,0.7594503368217922,1
34598492,0.7175490347845154,1
32256558,0.8174972012054477,1
35090797,0.3176026266322552,0
36986750,0.02559631762422923,0
30392126,0.7651390903246691,1
39598794,0.21977062836665073,0
34107481,0.36098451532361286,0
31818247,0.02285362149573947,0
39715855,0.40369110048907086,0
38099047,0.30505912067253266,0
33341362,0.40677684534127856,0
36823127,0.7862879709158302,1
31350831,0.09207315899792076,0
35501099,0.9715121638946044,1
31201544,0.014095285635071083,0
34666079,0.34585750508140545,0
31746082,0.6994847842529522,1
39952162,0.14582515531509324,0
33071977,0.7861039177540038,1
31590722,0.023859252168165347,0
34680971,0.3705846090344978,0
37312842,0.8802481684637553,1
37460812,0.7636420839550128,1
33209671,0.09695732346707606,0
30052727,0.22739995411042047,0
34395981,0.01848772687914702,0
37959296,0.575334119152444,1
39073351,0.32408321188994854,0
34895248,0.2661349163428608,0
35754820,0.865862331123534,1
32621287,0.2635341891395596,0
38719511,0.03368777204881244,0
32470296,0.027809858717263748,0
35943443,0.1667471488182755,0
39887163,0.23056703576657592,0
35702347,0.16113710695535402,0
38934741,0.33566652149496146,0
31929728,0.1800883894462639,0
30671425,0.8719861928684828,1
35192641,0.23863996060922563,0
34504441,0.482686806991699,1
34540953,0.03606645294354412,0
39014377,0.6274338999268428,1
32464457,0.4432315287360438,1
38215144,0.04700162351616282,0
35641868,0.03703573864897155,0
36086953,0.13499089117212773,0
38057630,0.3518931148921396,0
35569714,0.7166247626701105,1
36931305,0.45110673955153174,1
35016921,0.16728344425820313,0
35719604,0.6633667437093499,1
30875359,0.020033556580997747,0
39730314,0.3251138539831859,0
30507553,0.19916383816725747,0
34932613,0.03803112850705002,0
34377867,0.051060747981929284,0
34342355,0.12206903740146659,0
33754967,0.020161126664727625,0
33013004,0.4969206452985078,1
38158761,0.5412812143158501,1
37975829,0.010711642369164439,0
32421698,0.9472588600811062,1
36000427,0.525019574856312,1
35818234,0.4172658761329364,0
38582869,0.5714336915770903,1
38174875,0.34480665875504496,0
34877713,0.040766437075847047,0
31263335,0.08381834691598429,0
33011166,0.11103624323912366,0
36208960,0.09708042631883708,0
31809963,0.8683429587374811,1
37380953,0.1995968414021139,0
34082277,0.5257176364033904,1
36264638,0.35312492144093566,0
39730220,0.10995254419735422,0
39486260,0.03964747171770512,0
35246697,0.7217177546555139,1
33354192,0.8922458851819554,1
35751689,0.047446499455935945,0
39077092,0.06172824732702778,0
30608891,0.062026302833773084,0
34878322,0.027678729380387238,0
36086196,0.5328883751779455,1
35701212,0.621755629009588,1
33843168,0.8522162539622213,1
33442083,0.03318290670692331,0
30773739,0.5469509566989066,1
32795297,0.3537605123738243,0
30560289,0.29052282532125656,0
35764121,0.05599551003171297,0
34559352,0.021967592802794353,0
31188550,0.7276916449171904,1
37919158,0.32539236336065025,0
37240581,0.6118657712377495,1
30451318,0.9415746962676843,1
36864067,0.15678914865646237,0
32227111,0.9429702010263319,1
32404872,0.027133398401394306,0
39691919,0.08094995673985181,0
38608525,0.5671339208605928,1
35782193,0.5758187050869514,1
34946152,0.5280333323179572,1
34018052,0.8900367395691122,1
32911554,0.46253570114087206,1
30719592,0.6696241472479862,1
37659128,0.2651887597666058,0
30840094,0.2166537684541227,0
37038363,0.6660030855751413,1
35343378,0.49089530377101437,1
31749024,0.01670843993730988,0
39106097,0.1281586492356784,0
31763581,0.012940199153082626,0
33797968,0.08358904087806476,0
36563763,0.45749271381893813,1
39924731,0.0754449225681974,0
36106457,0.06193683838839512,0
35906548,0.3860267888753825,0
33657165,0.06552167250505823,0
30276434,0.20376703491245435,0
33931659,0.8168552066031025,1
31791805,0.07151824969602244,0
30016265,0.03046301368830988,0
35154260,0.18346250467127184,0
32226506,0.101751570659038,0
33609955,0.9538654803198794,1
35037364,0.7924728377860795,1
39758572,0.6755377516324491,1
32675037,0.02906265253869071,0
39766062,0.48339388322644056,1
31348343,0.3285796304778057,0
34188540,0.7346222836179196,1
30588635,0.821937530107618,1
31463954,0.08328478743808053,0
30206782,0.06939533823716793,0
37174673,0.43514905667427517,1
36120385,0.33561458564421426,0
37941327,0.03569198175149998,0
35739197,0.21057122504999515,0
30866021,0.32299280038258094,0
33638126,0.7634614665998223,1
37460977,0.6838411971861252,1
32933740,0.15877164369029778,0
35187759,0.951109265359427,1
30855199,0.4975583118994586,1
31813363,0.48594568114799275,1
37497462,0.2191196387542827,0
34883402,0.07110349460034722,0
34236854,0.12607162279569462,0
37860403,0.3485472318200901,0
31714954,0.03027547056178991,0
31022069,0.0584322369114294,0
34366203,0.6270876518133248,1
30732775,0.3570616028030031,0
31616659,0.40199603350755714,0
34945139,0.5883878420816592,1
38023497,0.2970639335949419,0
32267135,0.6628816720469656,1
37766106,0.5571148264443069,1
33573083,0.015603703258612578,0
35601996,0.09830459522136975,0
31848122,0.8331212319723192,1
38300977,0.11996006975237995,0
34612835,0.05842239094909163,0
32259369,0.7888287990739367,1
39691788,0.6343972585014185,1
30453175,0.018964438011613752,0
38285086,0.3959497840622484,0
38750362,0.546969521341728,1
38592992,0.7252326696298457,1
36363932,0.1562562011977495,0
34910399,0.5887752509238668,1
30145604,0.14182984512374255,0
32596877,0.028004553614736985,0
32592894,0.2607425290157888,0
39835133,0.6690019401513884,1
30175599,0.488894748030673,1
31030314,0.6725171524896858,1
33306121,0.017729597076173657,0
37751731,0.8627228266284065,1
30397772,0.5586829550566486,1
34065702,0.3654509959936157,0
33631004,0.24886571932416957,0
36350059,0.15533868196735048,0
33129270,0.0320329356344593,0
33510194,0.694538766234648,1
37931997,0.006913081721334179,0
34023322,0.7972280898418808,1
33430379,0.3663541493995998,0
30453649,0.15392121124454136,0
38988414,0.059152098926185094,0
30934574,0.6520521220559097,1
31303342,0.506424092139951,1
36257106,0.543433592499952,1
34165912,0.03011243929858268,0
30052798,0.6786006310625542,1
30982804,0.15949361839530965,0
31156233,0.4578250100033666,1
35225810,0.36730888295302844,0
35665841,0.5838323798211299,1
33905519,0.0334080823908296,0
31383849,0.29862390352047424,0
34961518,0.2100165083964331,0
37226575,0.18637648818331953,0
32339865,0.08892488779292507,0
35233751,0.2949129059122095,0
36246344,0.7019741063788594,1
38546783,0.15209509643898045,0
39918058,0.5229949798835309,1
38175679,0.007261863835036356,0
33164104,0.11876068625037388,0
31612238,0.5592307759989559,1
31036109,0.6024131265937032,1
35504174,0.2856132331982528,0
34610110,0.5469685110930461,1
36465592,0.5829158105661614,1
31671957,0.9398909847960472,1
34734214,0.29794607353530733,0
38999166,0.6006870833031843,1
34204633,0.25881891666994866,0
35050415,0.8293939790641972,1
38049933,0.5117476191958962,1
30641328,0.7893325386920389,1
31250714,0.4715884769439969,1
39593918,0.04986176912010311,0
30897528,0.9376803628835001,1
32769993,0.013108928481255314,0
34155120,0.058846261017224316,0
34014058,0.07937810381179666,0
37395251,0.4794766684574156,1
34663319,0.2218508295004388,0
33318296,0.8051785546072725,1
30547595,0.45211497076643753,1
37303113,0.776331784826668,1
36571775,0.02529827292599442,0
39586196,0.1098099444983026,0
30904052,0.32522453237444016,0
33419475,0.017169682538168522,0
34874991,0.9086429189741371,1
38085457,0.14241942688587383,0
30200867,0.032565146422163044,0
35220236,0.3005129855864963,0
38830510,0.1136588524603072,0
34322447,0.17746345397163532,0
34765614,0.10401517602547283,0
39338226,0.5186765827267991,1
39171032,0.22398808098313644,0
35241187,0.4165314676066151,0
33165766,0.0796651456211407,0
31501438,0.011968720051461174,0
30455082,0.3615114755668979,0
35963925,0.949507466935642,1
32014904,0.017125235661519415,0
33145778,0.1557793227049236,0
38561562,0.20128724231981882,0
39117210,0.3320191566510758,0
30696672,0.6089593949143971,1
37008108,0.3504319389987386,0
35323382,0.02169444108415105,0
35886838,0.6124695767890374,1
39694663,0.012318181367277475,0
35822716,0.1518760693442872,0
37414219,0.18328560217471282,0
31375057,0.5137188084436485,1
39431159,0.049160721106833866,0
33096681,0.8072777368542943,1
37184155,0.15456738364427033,0
37717879,0.6499226865464451,1
38330161,0.17866769237313923,0
30927264,0.20111118201364828,0
30010035,0.29252878374672314,0
35681722,0.32845363148489,0
37902320,0.04940385177995816,0
31596132,0.3827379187848339,0
30738593,0.2738622463739823,0
31407329,0.13550075260057626,0
39169498,0.408883860723983,0
30443229,0.3535562789209851,0
34682947,0.1499462935791304,0
30941081,0.05225146624156472,0
33153742,0.03792033721592714,0
34812718,0.048547800537165044,0
32354110,0.1462601749392576,0
37020088,0.6859100282735754,1
30031915,0.7268184012565713,1
38547266,0.031695111191701854,0
33097010,0.5394005207149491,1
38242798,0.01623758038994373,0
33542287,0.2801396023610428,0
37962756,0.019283840141363934,0
30957600,0.10424359803028563,0
39538928,0.7165229756876078,1
37955159,0.772739215831027,1
37317907,0.04577145550457196,0
32391096,0.14889731527799682,0
35688562,0.7718302053064016,1
33444155,0.1499083175235706,0
36041000,0.36720190780342016,0
30739786,0.7578669665067281,1
30533063,0.04871791357359416,0
33710608,0.7610809596326892,1
38234891,0.40162415774976146,0
37662801,0.7652564258156761,1
31455322,0.03566981496221415,0
34519920,0.5128747176801282,1
